{
    "normals": [0,-1,0,0,-0.707083,0.707083,-0.577349,-0.577349,0.577349,-0.707083,-0.707083,0,0,1,0,-0.707083,0.707083,0,-0.577349,0.577349,0.577349,0,0.707083,0.707083,1,0,0,0.707083,0.707083,0,0.577349,0.577349,0.577349,0.707083,0,0.707083,0,0,1,-0.707083,0,0.707083,-1,0,0,-0.577349,0.577349,-0.577349,-0.707083,0,-0.707083,0,0,-1,0,-0.707083,-0.707083,-0.577349,-0.577349,-0.577349,0,0.707083,-0.707083,0.707083,-0.707083,0,0.577349,-0.577349,0.577349,0.707083,0,-0.707083,0.577349,-0.577349,-0.577349,0.577349,0.577349,-0.577349],
    "vertices": [2,0,0,2,0,2,-0,0,2,0,0,-0,2,2,0,2,2,2,-0,2,2,0,2,-0,2,1.98436,0,2,1.98436,2,-0,1.98436,2,0,1.98436,-0,2,1.96509,0,2,1.96509,2,-0,1.96509,2,0,1.96509,-0,0.20482,0,-0,0.204819,0,2,0.204819,2,-0,0.204819,2,2,0.204819,1.98436,-0,0.204819,1.98436,2,0.204819,1.96509,2,0.204819,1.96509,-0,1.80027,0,0,1.80027,0,2,1.80027,2,0,1.80027,2,2,1.80027,1.98436,0,1.80027,1.98436,2,1.80027,1.96509,2,1.80027,1.96509,0,2,0.016916,0,2,0.016917,2,-0,0.016917,2,0,0.016916,-0,0.204819,0.016917,2,0.20482,0.016916,-0,1.80027,0.016916,0,1.80027,0.016917,2,2,0.040974,0,2,0.040974,2,-0,0.040974,2,0,0.040974,-0,0.20482,0.040974,-0,1.80027,0.040974,0,0.204819,0.040974,2,1.80027,0.040974,2,0.016672,0,-0,0.016671,0,2,0.016671,2,-0,0.016671,2,2,0.016671,1.98436,-0,0.016671,1.98436,2,0.016671,1.96509,2,0.016671,1.96509,-0,0.016671,0.016917,2,0.016672,0.016916,-0,0.016672,0.040974,-0,0.016671,0.040974,2,0.035486,0,-0,0.035486,0,2,0.035486,2,-0,0.035486,2,2,0.035486,1.98436,-0,0.035486,1.98436,2,0.035486,1.96509,2,0.035486,1.96509,-0,0.035486,0.016917,2,0.035486,0.016916,-0,0.035486,0.040974,-0,0.035486,0.040974,2,2,1.79896,0,2,1.79896,2,-0,1.79896,2,0,1.79896,-0,0.016671,1.79896,-0,0.016671,1.79896,2,0.035486,1.79896,2,0.035486,1.79896,-0,0.016671,0.200351,2,0.035486,0.200351,2,2,0.200351,0,2,0.200351,2,-0,0.200351,2,0,0.200351,-0,0.016672,0.200351,-0,0.035486,0.200351,-0,2,0,1.8,-0,0,1.8,2,2,1.8,-0,2,1.8,-0,1.98436,1.8,2,1.98436,1.8,2,1.96509,1.8,-0,1.96509,1.8,-0,0.016917,1.8,2,0.016917,1.8,-0,0.040974,1.8,2,0.040974,1.8,0.016671,2,1.8,0.016671,0,1.8,0.035486,0,1.8,0.035486,2,1.8,0,0,0.205094,0,2,0.205094,0,1.98436,0.205094,0,1.96509,0.205094,0,0.016916,0.205094,0,0.040974,0.205094,0.016672,0,0.205094,0.035486,0,0.205094,2,0,0.205094,2,2,0.205094,2,1.98436,0.205094,2,1.96509,0.205094,2,0.016916,0.205094,2,0.040974,0.205094,0.016671,2,0.205094,0.035486,2,0.205094,2,0,1.98571,2,2,1.98571,2,1.98436,1.98571,2,1.96509,1.98571,0.204819,2,1.98571,1.80027,2,1.98571,2,0.016917,1.98571,2,0.040974,1.98571,0.016671,2,1.98571,0.035486,2,1.98571,2,1.79896,1.98571,2,0.200351,1.98571,-0,0,1.98571,-0,2,1.98571,-0,1.98436,1.98571,-0,1.96509,1.98571,0.204819,0,1.98571,1.80027,0,1.98571,-0,0.016917,1.98571,-0,0.040974,1.98571,0.016671,0,1.98571,0.035486,0,1.98571,-0,1.79896,1.98571,-0,0.200351,1.98571,-0,0,1.96128,-0,2,1.96128,-0,1.98436,1.96128,-0,1.96509,1.96128,0.204819,0,1.96128,1.80027,0,1.96128,-0,0.016917,1.96128,-0,0.040974,1.96128,0.016671,0,1.96128,0.035486,0,1.96128,-0,1.79896,1.96128,-0,0.200351,1.96128,2,0,1.96128,2,2,1.96128,2,1.98436,1.96128,2,1.96509,1.96128,0.204819,2,1.96128,1.80027,2,1.96128,2,0.016917,1.96128,2,0.040974,1.96128,0.016671,2,1.96128,0.035486,2,1.96128,2,1.79896,1.96128,2,0.200351,1.96128,0,0,0.014649,0,2,0.014649,0,1.98436,0.014649,0,1.96509,0.014649,0.20482,0,0.014649,1.80027,0,0.01465,0,0.016916,0.014649,0,0.040974,0.014649,0.016672,0,0.014649,0.035486,0,0.014649,0,1.79896,0.014649,0,0.200351,0.014649,2,0,0.01465,2,2,0.01465,2,1.98436,0.01465,2,1.96509,0.01465,0.204819,2,0.01465,1.80027,2,0.01465,2,0.016916,0.01465,2,0.040974,0.01465,0.016671,2,0.014649,0.035486,2,0.014649,2,1.79896,0.01465,2,0.200351,0.01465,2,0,0.033694,2,2,0.033694,2,1.98436,0.033694,2,1.96509,0.033694,0.204819,2,0.033694,1.80027,2,0.033694,2,0.016916,0.033694,2,0.040974,0.033694,0.016671,2,0.033694,0.035486,2,0.033694,2,1.79896,0.033694,2,0.200351,0.033694,0,0,0.033694,0,2,0.033694,0,1.98436,0.033694,0,1.96509,0.033694,0.20482,0,0.033694,1.80027,0,0.033694,0,0.016916,0.033694,0,0.040974,0.033694,0.016672,0,0.033694,0.035486,0,0.033694,0,1.79896,0.033694,0,0.200351,0.033694,1.98573,0,0,1.98573,0,2,1.98573,2,0,1.98573,2,2,1.98573,1.98436,0,1.98573,1.98436,2,1.98573,1.96509,2,1.98573,1.96509,0,1.98573,0.016917,2,1.98573,0.016916,0,1.98573,0.040974,0,1.98573,0.040974,2,1.98573,1.79896,0,1.98573,1.79896,2,1.98573,0.200351,2,1.98573,0.200351,0,1.98573,2,1.8,1.98573,0,1.8,1.98573,0,0.205094,1.98573,2,0.205094,1.98573,2,1.98571,1.98573,0,1.98571,1.98573,0,1.96128,1.98573,2,1.96128,1.98573,2,0.01465,1.98573,0,0.01465,1.98573,2,0.033694,1.98573,0,0.033694,1.96433,0,0,1.96433,0,2,1.96433,2,0,1.96433,2,2,1.96433,1.98436,0,1.96433,1.98436,2,1.96433,1.96509,2,1.96433,1.96509,0,1.96433,0.016917,2,1.96433,0.016916,0,1.96433,0.040974,0,1.96433,0.040974,2,1.96433,1.79896,0,1.96433,1.79896,2,1.96433,0.200351,2,1.96433,0.200351,0,1.96433,0,1.8,1.96433,0,0.205094,1.96433,0,1.98571,1.96433,0,1.96128,1.96433,0,0.01465,1.96433,0,0.033694,1.96433,2,1.8,1.96433,2,0.205094,1.96433,2,1.98571,1.96433,2,1.96128,1.96433,2,0.01465,1.96433,2,0.033694],
    "metadata": {
        "type": "Geometry",
        "normals": 26,
        "vertices": 272,
        "uvs": 0,
        "generator": "io_three",
        "version": 3,
        "faces": 216
    },