{
    "metadata": {
        "faces": 27,
        "vertices": 29,
        "generator": "io_three",
        "type": "Geometry",
        "version": 3,
        "normals": 5
    },
    "faces": [32,17,12,16,0,1,2,32,17,11,12,0,0,1,32,18,11,17,0,0,0,32,18,10,11,0,0,0,32,19,10,18,0,0,0,32,19,9,10,0,0,0,32,20,9,19,0,0,0,32,20,8,9,0,0,0,32,21,8,20,3,0,0,32,21,7,8,3,0,0,32,22,7,21,0,0,3,32,22,6,7,0,0,0,32,23,6,22,0,0,0,32,23,5,6,0,3,0,32,24,5,23,0,3,0,32,24,4,5,0,0,3,32,25,4,24,3,0,0,32,25,3,4,3,0,0,32,26,3,25,3,0,3,32,27,3,26,0,0,3,32,27,2,3,0,0,0,32,28,2,27,0,0,0,32,28,1,2,0,0,0,32,12,13,16,1,4,2,32,16,13,15,2,4,0,32,15,13,14,0,4,0,32,28,0,1,0,0,0],
    "normals": [0,1,0,0,0.438765,0.898587,0,0.455885,-0.890011,0,0.999969,0,0,1,0.000366],
    "vertices": [0.345215,0,0.296694,0.356305,0,0.282324,0.366607,0,0.267343,0.376091,0,0.251783,0.384725,0,0.235674,0.392477,0,0.219047,0.399318,0,0.201934,0.405215,0,0.184365,0.410138,0,0.166372,0.414055,0,0.147986,0.416937,0,0.129237,0.41875,0,0.110157,0.419465,0,0.090778,0.476945,0,0.090778,0.404267,0,0.003034,0.331589,0,0.090778,0.391217,0,0.090778,0.390547,0,0.108195,0.388911,0,0.125347,0.386335,0,0.142208,0.382847,0,0.158752,0.378472,0,0.17495,0.373239,0,0.190777,0.367173,0,0.206206,0.360302,0,0.22121,0.352651,0,0.235762,0.344249,0,0.249835,0.335121,0,0.263403,0.325295,0,0.276439],
    "name": "Mesh.013Geometry"
}