{
    "metadata": {
        "faces": 27,
        "vertices": 29,
        "generator": "io_three",
        "type": "Geometry",
        "version": 3,
        "normals": 2
    },
    "faces": [32,25,0,27,0,0,0,32,24,1,0,0,0,0,32,24,0,25,0,0,0,32,23,1,24,1,0,0,32,23,2,1,1,0,0,32,22,2,23,0,0,1,32,22,3,2,0,0,0,32,21,3,22,1,0,0,32,21,4,3,1,0,0,32,20,4,21,0,0,1,32,20,5,4,0,0,0,32,19,5,20,0,0,0,32,19,6,5,0,0,0,32,18,6,19,0,0,0,32,18,7,6,0,0,0,32,17,7,18,1,0,0,32,17,8,7,1,1,0,32,16,8,17,0,1,1,32,16,9,8,0,1,1,32,15,9,16,1,1,0,32,15,10,9,1,0,1,32,14,10,15,0,0,1,32,14,11,10,0,0,0,32,13,11,14,0,0,0,32,13,12,11,0,0,0,32,0,28,27,0,0,0,32,26,25,27,0,0,0],
    "normals": [0,1,0,0,0.999969,0],
    "vertices": [0.338912,0,0.056434,0.338383,0,0.074105,0.336814,0,0.091257,0.334236,0,0.108098,0.330681,0,0.124597,0.32618,0,0.140722,0.320762,0,0.156444,0.31446,0,0.171731,0.307303,0,0.186552,0.299323,0,0.200877,0.29055,0,0.214676,0.281015,0,0.227916,0.270749,0,0.240568,0.260753,0,0.230548,0.270403,0,0.218561,0.279365,0,0.206023,0.287609,0,0.192963,0.295108,0,0.179409,0.301833,0,0.165391,0.307754,0,0.150937,0.312843,0,0.136077,0.317071,0,0.120837,0.32041,0,0.105249,0.32283,0,0.089339,0.324304,0,0.073137,0.324801,0,0.056434,0.296339,0,0.056434,0.331618,0,0,0.366896,0,0.056434],
    "name": "Mesh.016Geometry"
}