{
    "metadata": {
        "normals": 1,
        "type": "Geometry",
        "faces": 5,
        "uvs": 0,
        "generator": "io_three",
        "version": 3,
        "vertices": 7
    },
    "normals": [0,1,0],
    "faces": [32,2,0,1,0,0,0,32,4,5,2,0,0,0,32,2,5,6,0,0,0,32,3,4,2,0,0,0,32,2,6,0,0,0,0],
    "name": "Mesh.015Geometry",
    "uvs": [],
    "vertices": [-0.225348,-0,-0.007262,-0.225348,-0,-0.035479,-0.281793,-0,-0.000208,-0.225348,0,0.035063,-0.225348,0,0.006846,0.000435,0,0.006846,0.000435,-0,-0.007262]
}
