{
    "metadata": {
        "faces": 5,
        "vertices": 7,
        "generator": "io_three",
        "type": "Geometry",
        "version": 3,
        "normals": 2
    },
    "faces": [32,5,3,4,0,0,0,32,0,1,5,0,1,0,32,5,1,2,0,1,1,32,6,0,5,0,0,0,32,5,2,3,0,1,0],
    "normals": [0,0,1,0,0,0.999969],
    "vertices": [-0.028873,-0.013663,0,0.115684,-0.013663,0,0.115684,0.012939,0,-0.028873,0.012939,0,-0.028873,0.072516,0,-0.115875,0.000483,0,-0.028873,-0.071551,0],
    "name": "Mesh.014Geometry.1"
}