{
    "metadata": {
        "faces": 26,
        "vertices": 28,
        "generator": "io_three",
        "type": "Geometry",
        "version": 3,
        "normals": 2
    },
    "faces": [32,14,16,15,0,1,1,32,26,1,0,1,1,1,32,25,1,26,1,1,1,32,24,1,25,0,1,1,32,24,2,1,0,1,1,32,23,2,24,1,1,0,32,23,3,2,1,1,1,32,22,3,23,1,1,1,32,22,4,3,1,1,1,32,21,4,22,1,1,1,32,20,4,21,0,1,1,32,20,5,4,0,1,1,32,19,5,20,1,1,0,32,18,5,19,0,1,1,32,18,6,5,0,1,1,32,17,6,18,1,1,0,32,16,6,17,1,1,1,32,14,6,16,0,1,1,32,14,7,6,0,0,1,32,14,8,7,0,0,0,32,26,0,27,1,1,1,32,13,12,14,1,1,0,32,12,8,14,1,0,0,32,12,9,8,1,1,0,32,12,10,9,1,1,1,32,12,11,10,1,0,1],
    "normals": [0,0.999969,0,0,1,0],
    "vertices": [0.308005,0,0.335406,0.293146,0,0.347798,0.277569,0,0.359318,0.26131,0,0.369926,0.244409,0,0.379587,0.226902,0,0.388261,0.208828,0,0.395912,0.190223,0,0.402501,0.171127,0,0.407992,0.151575,0,0.412345,0.131607,0,0.415524,0.11126,0,0.417491,0.090572,0,0.418208,0.090572,0,0.475204,0.00281,0,0.402542,0.090572,0,0.329879,0.090572,0,0.390902,0.109366,0,0.390165,0.12785,0,0.388305,0.145991,0,0.385356,0.163755,0,0.381351,0.181109,0,0.376324,0.198018,0,0.370308,0.21445,0,0.363337,0.23037,0,0.355444,0.245745,0,0.346664,0.260542,0,0.33703,0.288265,0,0.315334],
    "name": "Mesh.012Geometry.1"
}