{
    "uvs": [],
    "faces": [32,3,1,2,0,1,2,32,4,1,3,3,1,0,32,5,0,4,2,4,3,32,0,1,4,4,1,3,32,5,39,0,2,2,4,32,6,39,5,2,2,2,32,6,38,39,2,2,2,32,7,38,6,5,2,2,32,7,37,38,5,2,2,32,8,37,7,2,2,5,32,8,36,37,2,2,2,32,9,36,8,2,2,2,32,9,35,36,2,5,2,32,10,35,9,5,5,2,32,10,34,35,5,2,5,32,11,34,10,2,2,5,32,11,33,34,2,2,2,32,12,33,11,2,2,2,32,12,32,33,2,2,2,32,13,32,12,5,2,2,32,14,32,13,2,2,5,32,14,31,32,2,5,2,32,15,31,14,2,5,2,32,16,31,15,2,5,2,32,17,31,16,2,5,2,32,18,31,17,5,5,2,32,18,30,31,5,2,5,32,19,30,18,2,2,5,32,20,30,19,2,2,2,32,21,30,20,2,2,2,32,22,30,21,2,2,2,32,23,30,22,2,2,2,32,24,30,23,2,2,2,32,24,29,30,2,2,2,32,25,29,24,2,2,2,32,26,29,25,2,2,2,32,27,29,26,2,2,2,32,27,28,29,2,2,2],
    "vertices": [-0.284297,0,0.07574,-0.333701,0,0.07574,-0.271234,0,0.000324,-0.208767,0,0.07574,-0.261227,0,0.07574,-0.258572,0,0.110844,-0.251431,0,0.144498,-0.240109,0,0.176397,-0.224911,0,0.206237,-0.206144,0,0.23371,-0.184114,0,0.258512,-0.159125,0,0.280337,-0.131484,0,0.298879,-0.101496,0,0.313832,-0.069467,0,0.324892,-0.035703,0,0.331752,-0.00051,0,0.334106,-0.00051,0,0.334413,-0.00051,0,0.335281,-0.00051,0,0.336629,-0.00051,0,0.338377,-0.00051,0,0.340446,-0.00051,0,0.342755,-0.00051,0,0.345225,-0.00051,0,0.347774,-0.00051,0,0.350323,-0.00051,0,0.352793,-0.00051,0,0.355102,-0.00051,0,0.35717,-0.038834,0,0.354605,-0.0756,0,0.347132,-0.110476,0,0.335084,-0.143127,0,0.318794,-0.173222,0,0.298595,-0.200426,0,0.274821,-0.224407,0,0.247804,-0.244831,0,0.217878,-0.261365,0,0.185375,-0.273676,0,0.150629,-0.281431,0,0.113973],
    "metadata": {
        "uvs": 0,
        "faces": 38,
        "vertices": 40,
        "type": "Geometry",
        "generator": "io_three",
        "version": 3,
        "normals": 6
    },
    "normals": [0,-0.999969,0.000549,0,-0.999969,0.000763,0,-1,0,0,-0.464187,0.885708,0,-0.429945,0.902829,0,-0.999969,0],
    "name": "Mesh.010Geometry"
}