{
    "metadata": {
        "faces": 27,
        "vertices": 29,
        "generator": "io_three",
        "type": "Geometry",
        "version": 3,
        "normals": 2
    },
    "faces": [32,15,11,12,0,0,0,32,16,11,15,0,0,0,32,16,10,11,0,1,0,32,17,10,16,0,1,0,32,17,9,10,0,0,1,32,18,9,17,1,0,0,32,27,25,26,0,0,0,32,18,8,9,1,0,0,32,19,8,18,0,0,1,32,19,7,8,0,1,0,32,20,7,19,0,1,0,32,21,7,20,0,1,0,32,21,6,7,0,1,1,32,22,6,21,1,1,0,32,23,6,22,0,1,1,32,23,5,6,0,0,1,32,24,5,23,0,0,0,32,27,4,5,0,0,0,32,27,3,4,0,0,0,32,28,0,27,0,0,0,32,0,3,27,0,0,0,32,0,2,3,0,0,0,32,0,1,2,0,1,0,32,14,12,13,0,0,0,32,15,12,14,0,0,0,32,27,5,25,0,0,0,32,25,5,24,0,0,0],
    "normals": [0,1,0,0,0.999969,0],
    "vertices": [0.056446,0,0.338841,0.074145,0,0.33831,0.091325,0,0.336737,0.108192,0,0.334153,0.124716,0,0.330589,0.140865,0,0.326076,0.156609,0,0.320645,0.171917,0,0.314327,0.186757,0,0.307152,0.2011,0,0.299152,0.214913,0,0.290358,0.228166,0,0.280801,0.240829,0,0.270511,0.230835,0,0.260494,0.218836,0,0.270171,0.206284,0,0.279159,0.193207,0,0.287428,0.179635,0,0.294949,0.165596,0,0.301693,0.151119,0,0.307632,0.136234,0,0.312737,0.120968,0,0.316978,0.105351,0,0.320327,0.089413,0,0.322755,0.073181,0,0.324233,0.056446,0,0.324732,0.056446,0,0.296277,0,0,0.331548,0.056446,0,0.366819],
    "name": "Mesh.017Geometry"
}
