{
    "metadata": {
        "faces": 26,
        "vertices": 28,
        "generator": "io_three",
        "type": "Geometry",
        "version": 3,
        "normals": 2
    },
    "faces": [32,14,16,15,0,0,0,32,26,1,0,0,0,0,32,25,1,26,0,0,0,32,24,1,25,0,0,0,32,24,2,1,0,0,0,32,23,2,24,0,0,0,32,23,3,2,0,0,0,32,22,3,23,0,0,0,32,22,4,3,0,0,0,32,21,4,22,0,0,0,32,20,4,21,0,0,0,32,20,5,4,0,0,0,32,19,5,20,0,0,0,32,18,5,19,0,0,0,32,18,6,5,0,0,0,32,17,6,18,0,0,0,32,16,6,17,0,0,0,32,14,6,16,0,0,0,32,14,7,6,0,1,0,32,14,8,7,0,0,1,32,26,0,27,0,0,0,32,13,12,14,0,0,0,32,12,8,14,0,0,0,32,12,9,8,0,0,0,32,12,10,9,0,0,0,32,12,11,10,0,1,0],
    "normals": [0,1,0,0,0.999969,0],
    "vertices": [2.26808,-0.333754,0.31703,2.25322,-0.333754,0.329422,2.23764,-0.333754,0.340941,2.22138,-0.333754,0.35155,2.20448,-0.333754,0.361211,2.18697,-0.333754,0.369885,2.1689,-0.333754,0.377536,2.15029,-0.333754,0.384125,2.1312,-0.333754,0.389616,2.11165,-0.333754,0.393969,2.09168,-0.333754,0.397148,2.07133,-0.333754,0.399115,2.05064,-0.333754,0.399831,2.05064,-0.333754,0.456828,1.96288,-0.333754,0.384165,2.05064,-0.333754,0.311503,2.05064,-0.333754,0.372526,2.06943,-0.333754,0.371789,2.08792,-0.333754,0.369929,2.10606,-0.333754,0.36698,2.12383,-0.333754,0.362975,2.14118,-0.333754,0.357947,2.15809,-0.333754,0.351931,2.17452,-0.333754,0.34496,2.19044,-0.333754,0.337068,2.20581,-0.333754,0.328288,2.22061,-0.333754,0.318654,2.24833,-0.333754,0.296957],
    "name": "Mesh.012Geometry"
}