{
    "metadata": {
        "faces": 5,
        "vertices": 7,
        "generator": "io_three",
        "type": "Geometry",
        "version": 3,
        "normals": 1
    },
    "faces": [32,2,0,1,0,0,0,32,4,5,2,0,0,0,32,2,5,6,0,0,0,32,3,4,2,0,0,0,32,2,6,0,0,0,0],
    "normals": [0,1,0],
    "vertices": [0.056446,0,0.028217,0.056446,0,0,0,0,0.035271,0.056446,0,0.070542,0.056446,0,0.042325,0.282228,0,0.042325,0.282228,0,0.028217],
    "name": "Mesh.015Geometry"
}