{
    "metadata": {
        "faces": 5,
        "vertices": 7,
        "generator": "io_three",
        "type": "Geometry",
        "version": 3,
        "normals": 1
    },
    "faces": [32,5,3,4,0,0,0,32,0,1,5,0,0,0,32,5,1,2,0,0,0,32,6,0,5,0,0,0,32,5,2,3,0,0,0],
    "normals": [0,0,1],
    "vertices": [2.05116,-0.0869,0.310656,2.19572,-0.0869,0.310656,2.19572,-0.060298,0.310656,2.05116,-0.060298,0.310656,2.05116,-0.000721,0.310656,1.96416,-0.072754,0.310656,2.05116,-0.144788,0.310656],
    "name": "Mesh.014Geometry"
}