{
    "vertices": [1.2e-05,0.035698,0.040985,1.2e-05,-0.044407,0.040985,1.2e-05,0.035698,-0.039119,1.2e-05,-0.044407,-0.039119,1.2e-05,0.026662,-0.030083,1.2e-05,0.026662,0.03195,1.2e-05,-0.035371,0.03195,1.2e-05,-0.035371,-0.030083,1.2e-05,0.026662,-0.019084,1.2e-05,0.035698,-0.019084,1.2e-05,-0.035371,-0.019084,1.2e-05,-0.044407,-0.019084,1.2e-05,0.015582,-0.030083,1.2e-05,0.015582,-0.039119,1.2e-05,0.015582,0.03195,1.2e-05,0.015582,0.040985,1.2e-05,0.026662,0.021029,1.2e-05,-0.035371,0.020884,1.2e-05,0.035698,0.02105,1.2e-05,-0.044407,0.020863,1.2e-05,-0.024557,-0.030083,1.2e-05,-0.024557,-0.039119,1.2e-05,-0.024557,0.03195,1.2e-05,-0.024557,0.040985],
    "faces": [33,1,19,17,6,0,1,0,0,33,18,0,5,16,0,0,0,1,33,3,21,20,7,1,0,0,0,33,23,1,6,22,0,0,0,1,33,11,3,7,10,1,1,0,0,33,2,9,8,4,0,0,1,0,33,0,15,14,5,0,0,1,0,33,13,2,4,12,0,0,0,0],
    "name": "Plane.035Geometry.2",
    "normals": [1,0,0,0.999969,0,0],
    "uvs": [],
    "metadata": {
        "version": 3,
        "generator": "io_three",
        "faces": 8,
        "normals": 2,
        "uvs": 0,
        "type": "Geometry",
        "vertices": 24
    }
}