{
    "vertices": [-0.040565,-0.040985,1.2e-05,0.039539,-0.040985,1.2e-05,-0.040565,0.039119,1.2e-05,0.039539,0.039119,1.2e-05,-0.031529,0.030083,1.2e-05,-0.031529,-0.03195,1.2e-05,0.030504,-0.03195,1.2e-05,0.030504,0.030083,1.2e-05,-0.031529,0.019084,1.2e-05,-0.040565,0.019084,1.2e-05,0.030504,0.019084,1.2e-05,0.039539,0.019084,1.2e-05,-0.020449,0.030083,1.2e-05,-0.020449,0.039119,1.2e-05,-0.020449,-0.03195,1.2e-05,-0.020449,-0.040985,1.2e-05,-0.031529,-0.021029,1.2e-05,0.030504,-0.020884,1.2e-05,-0.040565,-0.02105,1.2e-05,0.039539,-0.020863,1.2e-05,0.01969,0.030083,1.2e-05,0.01969,0.039119,1.2e-05,0.01969,-0.03195,1.2e-05,0.01969,-0.040985,1.2e-05],
    "faces": [33,1,19,17,6,0,1,0,0,33,18,0,5,16,0,0,0,0,33,3,21,20,7,0,0,0,0,33,23,1,6,22,0,0,0,1,33,11,3,7,10,1,0,0,0,33,2,9,8,4,0,0,0,0,33,0,15,14,5,0,1,0,0,33,13,2,4,12,0,0,0,0],
    "uvs": [],
    "name": "Plane.035Geometry",
    "normals": [0,0,1,0,0,0.999969],
    "metadata": {
        "version": 3,
        "type": "Geometry",
        "vertices": 24,
        "faces": 8,
        "uvs": 0,
        "normals": 2,
        "generator": "io_three"
    }
}