{
    "vertices": [-0.035698,1.2e-05,0.040985,0.044407,1.2e-05,0.040985,-0.035698,1.2e-05,-0.039119,0.044407,1.2e-05,-0.039119,-0.026662,1.2e-05,-0.030083,-0.026662,1.2e-05,0.03195,0.035371,1.2e-05,0.03195,0.035371,1.2e-05,-0.030083,-0.026662,1.2e-05,-0.019084,-0.035698,1.2e-05,-0.019084,0.035371,1.2e-05,-0.019084,0.044407,1.2e-05,-0.019084,-0.015582,1.2e-05,-0.030083,-0.015582,1.2e-05,-0.039119,-0.015582,1.2e-05,0.03195,-0.015582,1.2e-05,0.040985,-0.026662,1.2e-05,0.021029,0.035371,1.2e-05,0.020884,-0.035698,1.2e-05,0.02105,0.044407,1.2e-05,0.020863,0.024557,1.2e-05,-0.030083,0.024557,1.2e-05,-0.039119,0.024557,1.2e-05,0.03195,0.024557,1.2e-05,0.040985],
    "faces": [33,1,19,17,6,0,1,0,0,33,18,0,5,16,0,1,0,0,33,3,21,20,7,0,0,0,0,33,23,1,6,22,1,0,0,0,33,11,3,7,10,1,0,0,0,33,2,9,8,4,0,0,0,0,33,0,15,14,5,1,1,0,0,33,13,2,4,12,0,0,0,0],
    "name": "Plane.035Geometry.1",
    "normals": [0,1,0,0,0.999969,0],
    "uvs": [],
    "metadata": {
        "version": 3,
        "generator": "io_three",
        "faces": 8,
        "normals": 2,
        "uvs": 0,
        "type": "Geometry",
        "vertices": 24
    }
}