{
    "vertices": [0.921506,0.960948,-0.717563,0.992885,0.959904,-0.753902,0.916557,1.04,-0.729555,0.987937,1.03895,-0.765894,0.925167,1.03096,-0.732301,0.928999,0.969747,-0.723014,0.984276,0.968938,-0.751155,0.980444,1.03015,-0.760442,0.925846,1.02011,-0.730654,0.917795,1.02022,-0.726556,0.981123,1.0193,-0.758795,0.989175,1.01918,-0.762894,0.93504,1.03082,-0.737328,0.934482,1.03973,-0.73868,0.938873,0.969602,-0.728041,0.939431,0.960686,-0.726688,0.928324,0.980524,-0.724649,0.983592,0.979858,-0.752812,0.920274,0.980621,-0.720547,0.991642,0.979761,-0.756914,0.970808,1.03029,-0.755536,0.970249,1.03921,-0.756889,0.97464,0.969079,-0.74625,0.975198,0.960163,-0.744897],
    "faces": [33,1,19,17,6,0,0,0,0,33,18,0,5,16,0,0,0,0,33,3,21,20,7,0,0,0,0,33,23,1,6,22,0,0,0,0,33,11,3,7,10,0,0,0,0,33,2,9,8,4,0,0,0,0,33,0,15,14,5,0,0,0,0,33,13,2,4,12,0,0,0,0],
    "name": "Plane.035Geometry",
    "normals": [0.449599,0.161412,0.878506],
    "uvs": [],
    "metadata": {
        "version": 3,
        "generator": "io_three",
        "faces": 8,
        "normals": 1,
        "uvs": 0,
        "type": "Geometry",
        "vertices": 24
    }
}